id,book_url,name,author,author_url,score,isbn,rating,rating_count,review_count,page_count,year,genres
2767052,/book/show/2767052-the-hunger-games,"The Hunger Games (The Hunger Games, #1)",Suzanne Collins,https://www.goodreads.com/author/show/153394.Suzanne_Collins,2959964,9780439023481,4.33,6227649,170045,374,2008,Young Adult
2,/book/show/2.Harry_Potter_and_the_Order_of_the_Phoenix,"Harry Potter and the Order of the Phoenix (Harry Potter, #5)",J.K. Rowling,https://www.goodreads.com/author/show/1077326.J_K_Rowling,2604164,9780439358071,4.50,2432082,40814,870,2004,Fantasy
2657,/book/show/2657.To_Kill_a_Mockingbird,To Kill a Mockingbird,Harper Lee,https://www.goodreads.com/author/show/1825.Harper_Lee,2236599,null,4.28,4380949,89315,324,2006,Classics
1885,/book/show/1885.Pride_and_Prejudice,Pride and Prejudice,Jane Austen,https://www.goodreads.com/author/show/1265.Jane_Austen,1943333,null,4.26,2908472,64576,279,2000,Classics
41865,/book/show/41865.Twilight,"Twilight (Twilight, #1)",Stephenie Meyer,https://www.goodreads.com/author/show/941441.Stephenie_Meyer,1452749,9780316015844,3.59,4842942,102549,501,2006,Young Adult
19063,/book/show/19063.The_Book_Thief,The Book Thief,Markus Zusak,https://www.goodreads.com/author/show/11466.Markus_Zusak,1344286,9780375831003,4.37,1780696,111235,552,2006,Historical
170448,/book/show/170448.Animal_Farm,Animal Farm,George Orwell,https://www.goodreads.com/author/show/3706.George_Orwell,1254646,9780451526342,3.94,2656168,53727,141,1996,Classics
11127,/book/show/11127.The_Chronicles_of_Narnia,"The Chronicles of Narnia (Chronicles of Narnia, #1-7)",C.S. Lewis,https://www.goodreads.com/author/show/1069006.C_S_Lewis,1226235,null,4.26,501470,10182,767,2002,Fantasy
30,/book/show/30.J_R_R_Tolkien_4_Book_Boxed_Set,J.R.R. Tolkien 4-Book Boxed Set: The Hobbit and The Lord of the Rings,J.R.R. Tolkien,https://www.goodreads.com/author/show/656983.J_R_R_Tolkien,1140255,9780345538376,4.60,108159,1737,1728,2012,Fantasy
18405,/book/show/18405.Gone_with_the_Wind,Gone with the Wind,Margaret Mitchell,https://www.goodreads.com/author/show/11081.Margaret_Mitchell,1082546,9780446675536,4.30,1058472,19462,1037,1999,Classics
11870085,/book/show/11870085-the-fault-in-our-stars,The Fault in Our Stars,John Green,https://www.goodreads.com/author/show/1406384.John_Green,1071730,null,4.21,3442704,154147,313,2012,Young Adult
386162,/book/show/386162.The_Hitchhiker_s_Guide_to_the_Galaxy,"The Hitchhiker's Guide to the Galaxy (Hitchhiker's Guide to the Galaxy, #1)",Douglas Adams,https://www.goodreads.com/author/show/4.Douglas_Adams,1051584,null,4.22,1391859,29116,193,2007,Science Fiction
370493,/book/show/370493.The_Giving_Tree,The Giving Tree,Shel Silverstein,https://www.goodreads.com/author/show/435477.Shel_Silverstein,1012906,9780060256654,4.38,882692,17383,64,1964,Childrens
6185,/book/show/6185.Wuthering_Heights,Wuthering Heights,Emily Brontë,https://www.goodreads.com/author/show/4191.Emily_Bront_,967025,9780393978896,3.86,1309433,35775,464,2002,Classics
968,/book/show/968.The_Da_Vinci_Code,"The Da Vinci Code (Robert Langdon, #2)",Dan Brown,https://www.goodreads.com/author/show/630.Dan_Brown,867538,9780307277671,3.85,1888626,46500,489,2006,Fiction
929,/book/show/929.Memoirs_of_a_Geisha,Memoirs of a Geisha,Arthur Golden,https://www.goodreads.com/author/show/614.Arthur_Golden,857139,9781400096893,4.12,1688167,29573,503,2005,Fiction
5297,/book/show/5297.The_Picture_of_Dorian_Gray,The Picture of Dorian Gray,Oscar Wilde,https://www.goodreads.com/author/show/3565.Oscar_Wilde,845927,null,4.08,933185,29191,272,2004,Classics
24213,/book/show/24213.Alice_s_Adventures_in_Wonderland_Through_the_Looking_Glass,Alice's Adventures in Wonderland & Through the Looking-Glass,Lewis Carroll,https://www.goodreads.com/author/show/8164.Lewis_Carroll,825361,9780451527745,4.06,446210,10329,239,2000,Classics
10210,/book/show/10210.Jane_Eyre,Jane Eyre,Charlotte Brontë,https://www.goodreads.com/author/show/1036615.Charlotte_Bront_,813139,9780142437209,4.12,1586497,40921,532,2003,Classics
24280,/book/show/24280.Les_Mis_rables,Les Misérables,Victor Hugo,https://www.goodreads.com/author/show/13661.Victor_Hugo,804544,null,4.17,670765,17104,1463,1987,Classics
13335037,/book/show/13335037-divergent,"Divergent (Divergent, #1)",Veronica Roth,https://www.goodreads.com/author/show/4039811.Veronica_Roth,783556,9780062024039,4.20,2829132,107502,487,2012,Young Adult
13079982,/book/show/13079982-fahrenheit-451,Fahrenheit 451,Ray Bradbury,https://www.goodreads.com/author/show/1630.Ray_Bradbury,776441,null,3.99,1626094,46138,194,2011,Classics
18135,/book/show/18135.Romeo_and_Juliet,Romeo and Juliet,William Shakespeare,https://www.goodreads.com/author/show/947.William_Shakespeare,764093,9780743477116,3.75,2016094,18923,368,2004,Classics
7624,/book/show/7624.Lord_of_the_Flies,Lord of the Flies,William Golding,https://www.goodreads.com/author/show/306.William_Golding,763871,9780140283334,3.68,2213727,36308,182,1999,Classics
18144590,/book/show/18144590-the-alchemist,The Alchemist,Paulo Coelho,https://www.goodreads.com/author/show/566.Paulo_Coelho,756045,9780062315007,3.87,2028312,77833,182,2014,Fiction
7144,/book/show/7144.Crime_and_Punishment,Crime and Punishment,Fyodor Dostoyevsky,https://www.goodreads.com/author/show/3137322.Fyodor_Dostoyevsky,748863,9780143058144,4.22,605518,18325,671,2002,Cultural
22628,/book/show/22628.The_Perks_of_Being_a_Wallflower,The Perks of Being a Wallflower,Stephen Chbosky,https://www.goodreads.com/author/show/12898.Stephen_Chbosky,745849,null,4.20,1220320,56444,213,1999,Young Adult
4671,/book/show/4671.The_Great_Gatsby,The Great Gatsby,F. Scott Fitzgerald,https://www.goodreads.com/author/show/3190.F_Scott_Fitzgerald,735974,null,3.92,3679998,65562,200,2004,Classics
375802,/book/show/375802.Ender_s_Game,"Ender's Game (Ender's Saga, #1)",Orson Scott Card,https://www.goodreads.com/author/show/589.Orson_Scott_Card,716242,9780812550702,4.30,1103599,42842,324,2004,Science Fiction
256683,/book/show/256683.City_of_Bones,"City of Bones (The Mortal Instruments, #1)",Cassandra Clare,https://www.goodreads.com/author/show/150038.Cassandra_Clare,712966,9781416914280,4.10,1578190,60683,485,2007,Fantasy
4667024,/book/show/4667024-the-help,The Help,Kathryn Stockett,https://www.goodreads.com/author/show/1943477.Kathryn_Stockett,710452,null,4.47,2108929,84130,451,2009,Fiction
8127,/book/show/8127.Anne_of_Green_Gables,"Anne of Green Gables (Anne of Green Gables, #1)",L.M. Montgomery,https://www.goodreads.com/author/show/5350.L_M_Montgomery,685180,9780451528827,4.26,703541,21749,320,2003,Classics
24178,/book/show/24178.Charlotte_s_Web,Charlotte's Web,E.B. White,https://www.goodreads.com/author/show/988142.E_B_White,674122,9780064410939,4.17,1376825,17582,184,2001,Classics
157993,/book/show/157993.The_Little_Prince,The Little Prince,Antoine de Saint-Exupéry,https://www.goodreads.com/author/show/1020792.Antoine_de_Saint_Exup_ry,667801,null,4.31,1301280,37961,93,2000,Classics
18619684,/book/show/18619684-the-time-traveler-s-wife,The Time Traveler's Wife,Audrey Niffenegger,https://www.goodreads.com/author/show/498072.Audrey_Niffenegger,663179,9781939126016,3.97,1547251,46900,500,2013,Fiction
890,/book/show/890.Of_Mice_and_Men,Of Mice and Men,John Steinbeck,https://www.goodreads.com/author/show/585.John_Steinbeck,661644,9780142000670,3.87,1901282,33216,103,2002,Classics
3,/book/show/3.Harry_Potter_and_the_Sorcerer_s_Stone,"Harry Potter and the Sorcerer's Stone (Harry Potter, #1)",J.K. Rowling,https://www.goodreads.com/author/show/1077326.J_K_Rowling,656658,null,4.47,6816505,108719,309,2003,Fantasy
17245,/book/show/17245.Dracula,Dracula,Bram Stoker,https://www.goodreads.com/author/show/6988.Bram_Stoker,636882,9780393970128,4.00,907583,24661,488,1986,Classics
5129,/book/show/5129.Brave_New_World,Brave New World,Aldous Huxley,https://www.goodreads.com/author/show/3487.Aldous_Huxley,628124,9780060929879,3.99,1403280,29098,288,1998,Classics
320,/book/show/320.One_Hundred_Years_of_Solitude,One Hundred Years of Solitude,Gabriel García Márquez,https://www.goodreads.com/author/show/13450.Gabriel_Garc_a_M_rquez,613149,null,4.08,732202,29606,417,2003,Fiction
21787,/book/show/21787.The_Princess_Bride,The Princess Bride,William Goldman,https://www.goodreads.com/author/show/12521.William_Goldman,595711,9780345418265,4.26,762834,19780,456,2003,Fantasy
5107,/book/show/5107.The_Catcher_in_the_Rye,The Catcher in the Rye,J.D. Salinger,https://www.goodreads.com/author/show/819789.J_D_Salinger,592792,9780316769174,3.81,2674826,56039,277,2001,Classics
2998,/book/show/2998.The_Secret_Garden,The Secret Garden,Frances Hodgson Burnett,https://www.goodreads.com/author/show/2041.Frances_Hodgson_Burnett,578618,9780517189603,4.14,865711,18086,331,1998,Classics
128029,/book/show/128029.A_Thousand_Splendid_Suns,A Thousand Splendid Suns,Khaled Hosseini,https://www.goodreads.com/author/show/569.Khaled_Hosseini,574655,9781594489501,4.37,1119695,52897,372,2007,Fiction
28187,/book/show/28187.The_Lightning_Thief,"The Lightning Thief (Percy Jackson and the Olympians, #1)",Rick Riordan,https://www.goodreads.com/author/show/15872.Rick_Riordan,573704,9780786838653,4.25,1924238,58892,375,2006,Fantasy
33574273,/book/show/33574273-a-wrinkle-in-time,"A Wrinkle in Time (Time Quintet, #1)",Madeleine L'Engle,https://www.goodreads.com/author/show/106.Madeleine_L_Engle,557851,9781250153272,4.00,1032058,33462,218,2017,Fantasy
13496,/book/show/13496.A_Game_of_Thrones,"A Game of Thrones (A Song of Ice and Fire, #1)",George R.R. Martin,https://www.goodreads.com/author/show/346732.George_R_R_Martin,555269,9780553588484,4.45,1955323,53906,835,2005,Fantasy
2956,/book/show/2956.The_Adventures_of_Huckleberry_Finn,The Adventures of Huckleberry Finn,Mark Twain,https://www.goodreads.com/author/show/1244.Mark_Twain,513916,9780142437179,3.82,1136571,15210,327,2002,Classics
12232938,/book/show/12232938-the-lovely-bones,The Lovely Bones,Alice Sebold,https://www.goodreads.com/author/show/316.Alice_Sebold,508584,9780316166683,3.81,1978789,40122,372,2006,Fiction
231804,/book/show/231804.The_Outsiders,The Outsiders,S.E. Hinton,https://www.goodreads.com/author/show/762707.S_E_Hinton,500896,null,4.10,909522,32371,192,1997,Classics
19543,/book/show/19543.Where_the_Wild_Things_Are,Where the Wild Things Are,Maurice Sendak,https://www.goodreads.com/author/show/4489.Maurice_Sendak,500084,9780099408390,4.22,795292,11582,37,2000,Childrens
23772,/book/show/23772.Green_Eggs_and_Ham,Green Eggs and Ham,Dr. Seuss,https://www.goodreads.com/author/show/61105.Dr_Seuss,494454,9780394800165,4.30,596229,9213,62,1988,Childrens
1381,/book/show/1381.The_Odyssey,The Odyssey,Homer,https://www.goodreads.com/author/show/903.Homer,489144,9780143039952,3.77,845479,11881,541,2006,Classics
4214,/book/show/4214.Life_of_Pi,Life of Pi,Yann Martel,https://www.goodreads.com/author/show/811.Yann_Martel,486037,9780770430078,3.91,1310141,46826,460,2006,Fiction
1953,/book/show/1953.A_Tale_of_Two_Cities,A Tale of Two Cities,Charles Dickens,https://www.goodreads.com/author/show/239579.Charles_Dickens,483867,9780141439600,3.84,795790,17044,489,2003,Classics
43641,/book/show/43641.Water_for_Elephants,Water for Elephants,Sara Gruen,https://www.goodreads.com/author/show/24556.Sara_Gruen,472229,9781565125605,4.09,1353987,58529,335,2007,Fiction
7604,/book/show/7604.Lolita,Lolita,Vladimir Nabokov,https://www.goodreads.com/author/show/5152.Vladimir_Nabokov,458778,null,3.89,648420,23929,331,1995,Classics
4981,/book/show/4981.Slaughterhouse_Five,Slaughterhouse-Five,Kurt Vonnegut Jr.,https://www.goodreads.com/author/show/2778055.Kurt_Vonnegut_Jr_,443537,9780385333849,4.07,1106498,26286,275,1999,Classics
35031085,/book/show/35031085-frankenstein,Frankenstein: The 1818 Text,Mary Wollstonecraft Shelley,https://www.goodreads.com/author/show/11139.Mary_Wollstonecraft_Shelley,431431,9780143131847,3.80,1133264,31839,288,2018,Classics
77203,/book/show/77203.The_Kite_Runner,The Kite Runner,Khaled Hosseini,https://www.goodreads.com/author/show/569.Khaled_Hosseini,427893,null,4.30,2367149,72086,371,2004,Fiction
38447,/book/show/38447.The_Handmaid_s_Tale,"The Handmaid's Tale (The Handmaid's Tale, #1)",Margaret Atwood,https://www.goodreads.com/author/show/3472.Margaret_Atwood,410255,null,4.11,1405109,68523,314,1998,Fiction
3636,/book/show/3636.The_Giver,"The Giver (The Giver, #1)",Lois Lowry,https://www.goodreads.com/author/show/2493.Lois_Lowry,407741,9780385732550,4.13,1731244,64335,208,2006,Young Adult
168668,/book/show/168668.Catch_22,"Catch-22 (Catch-22, #1)",Joseph Heller,https://www.goodreads.com/author/show/3167.Joseph_Heller,404912,9780684833392,3.98,709855,17852,453,2004,Classics
44767458,/book/show/44767458-dune,"Dune (Dune, #1)",Frank Herbert,https://www.goodreads.com/author/show/58.Frank_Herbert,400992,9780593099322,4.23,720389,20979,688,2019,Science Fiction
5043,/book/show/5043.The_Pillars_of_the_Earth,"The Pillars of the Earth (Kingsbridge, #1)",Ken Follett,https://www.goodreads.com/author/show/3447.Ken_Follett,389106,null,4.32,632406,30725,976,2002,Historical
149267,/book/show/149267.The_Stand,The Stand,Stephen King,https://www.goodreads.com/author/show/3389.Stephen_King,387169,9780385199575,4.34,598529,19607,1153,1990,Horror
3590,/book/show/3590.The_Adventures_of_Sherlock_Holmes,The Adventures of Sherlock Holmes,Arthur Conan Doyle,https://www.goodreads.com/author/show/2448.Arthur_Conan_Doyle,372926,null,4.30,235715,6547,389,1998,Classics
76620,/book/show/76620.Watership_Down,"Watership Down (Watership Down, #1)",Richard  Adams,https://www.goodreads.com/author/show/7717.Richard_Adams,369367,9780380395866,4.06,424104,13441,478,1975,Classics
2623,/book/show/2623.Great_Expectations,Great Expectations,Charles Dickens,https://www.goodreads.com/author/show/239579.Charles_Dickens,362348,9780192833594,3.78,636293,15616,505,1998,Classics
332613,/book/show/332613.One_Flew_Over_the_Cuckoo_s_Nest,One Flew Over the Cuckoo's Nest,Ken Kesey,https://www.goodreads.com/author/show/7285.Ken_Kesey,346817,null,4.19,619142,10621,325,1963,Classics
6514,/book/show/6514.The_Bell_Jar,The Bell Jar,Sylvia Plath,https://www.goodreads.com/author/show/4379.Sylvia_Plath,345857,null,4.01,574540,22362,294,2006,Classics
15823480,/book/show/15823480-anna-karenina,Anna Karenina,Leo Tolstoy,https://www.goodreads.com/author/show/128382.Leo_Tolstoy,342479,null,4.05,648579,23342,964,2012,Classics
1934,/book/show/1934.Little_Women,Little Women,Louisa May Alcott,https://www.goodreads.com/author/show/1315.Louisa_May_Alcott,341014,9780451529305,4.08,1639339,29427,449,2004,Classics
10917,/book/show/10917.My_Sister_s_Keeper,My Sister's Keeper,Jodi Picoult,https://www.goodreads.com/author/show/7128.Jodi_Picoult,339385,9780743454537,4.08,1042128,33215,423,2005,Fiction
10964,/book/show/10964.Outlander,"Outlander (Outlander, #1)",Diana Gabaldon,https://www.goodreads.com/author/show/3617.Diana_Gabaldon,337937,9780440242949,4.23,798845,44736,850,2005,Historical
2429135,/book/show/2429135.The_Girl_with_the_Dragon_Tattoo,"The Girl with the Dragon Tattoo (Millennium, #1)",Stieg Larsson,https://www.goodreads.com/author/show/706255.Stieg_Larsson,335240,null,4.14,2546719,68102,465,2008,Fiction
136251,/book/show/136251.Harry_Potter_and_the_Deathly_Hallows,"Harry Potter and the Deathly Hallows (Harry Potter, #7)",J.K. Rowling,https://www.goodreads.com/author/show/1077326.J_K_Rowling,333937,9780545010221,4.62,2727866,63849,759,2007,Fantasy
39988,/book/show/39988.Matilda,Matilda,Roald Dahl,https://www.goodreads.com/author/show/4273.Roald_Dahl,332753,9780141301068,4.32,617817,15965,240,1998,Childrens
34,/book/show/34.The_Fellowship_of_the_Ring,"The Fellowship of the Ring (The Lord of the Rings, #1)",J.R.R. Tolkien,https://www.goodreads.com/author/show/656983.J_R_R_Tolkien,332424,9780618346257,4.36,2306627,21719,398,2003,Fantasy
17899948,/book/show/17899948-rebecca,Rebecca,Daphne du Maurier,https://www.goodreads.com/author/show/2001717.Daphne_du_Maurier,328317,9780316323703,4.23,431126,22191,449,2013,Classics
52892857,/book/show/52892857-the-color-purple,The Color Purple,Alice Walker,https://www.goodreads.com/author/show/7380.Alice_Walker,315226,9780143135692,4.21,504945,14486,304,2019,Classics
14891,/book/show/14891.A_Tree_Grows_in_Brooklyn,A Tree Grows in Brooklyn,Betty  Smith,https://www.goodreads.com/author/show/2327917.Betty_Smith,307985,9780061120077,4.27,381044,20191,496,2006,Classics
40961427,/book/show/40961427-1984,1984,George Orwell,https://www.goodreads.com/author/show/3706.George_Orwell,302666,null,4.18,3028465,67126,237,2013,Classics
41817486,/book/show/41817486-a-clockwork-orange,A Clockwork Orange,Anthony Burgess,https://www.goodreads.com/author/show/5735.Anthony_Burgess,300770,9780393341768,3.99,585745,13391,240,2019,Classics
6288,/book/show/6288.The_Road,The Road,Cormac McCarthy,https://www.goodreads.com/author/show/4178.Cormac_McCarthy,298860,9780307265432,3.97,700693,45022,241,2006,Fiction
4934,/book/show/4934.The_Brothers_Karamazov,The Brothers Karamazov,Fyodor Dostoyevsky,https://www.goodreads.com/author/show/3137322.Fyodor_Dostoyevsky,296436,9780374528379,4.32,235664,10667,796,2002,Classics
252577,/book/show/252577.Angela_s_Ashes,"Angela's Ashes (Frank McCourt, #1)",Frank McCourt,https://www.goodreads.com/author/show/3347.Frank_McCourt,289292,9780007205233,4.11,528350,11734,452,2005,Nonfiction
345627,/book/show/345627.Vampire_Academy,"Vampire Academy (Vampire Academy, #1)",Richelle Mead,https://www.goodreads.com/author/show/137902.Richelle_Mead,275064,9781595141743,4.12,536169,21932,332,2007,Young Adult
7244,/book/show/7244.The_Poisonwood_Bible,The Poisonwood Bible,Barbara Kingsolver,https://www.goodreads.com/author/show/3541.Barbara_Kingsolver,270086,9780060786502,4.06,649693,22953,546,2005,Fiction
52036,/book/show/52036.Siddhartha,Siddhartha,Hermann Hesse,https://www.goodreads.com/author/show/1113469.Hermann_Hesse,269875,null,4.03,564222,16870,152,1981,Classics
119322,/book/show/119322.The_Golden_Compass,"The Golden Compass (His Dark Materials, #1)",Philip Pullman,https://www.goodreads.com/author/show/3618.Philip_Pullman,252048,9780679879244,3.98,1255441,21641,399,1996,Fantasy
3836,/book/show/3836.Don_Quixote,Don Quixote,Miguel de Cervantes Saavedra,https://www.goodreads.com/author/show/4037220.Miguel_de_Cervantes_Saavedra,250997,9780142437230,3.88,202768,7800,1023,2003,Classics
662,/book/show/662.Atlas_Shrugged,Atlas Shrugged,Ayn Rand,https://www.goodreads.com/author/show/432.Ayn_Rand,247498,9780452011878,3.69,348284,17066,1168,1999,Classics
2165,/book/show/2165.The_Old_Man_and_the_Sea,The Old Man and the Sea,Ernest Hemingway,https://www.goodreads.com/author/show/1455.Ernest_Hemingway,231988,9780684830490,3.78,806160,24262,96,1996,Classics
5,/book/show/5.Harry_Potter_and_the_Prisoner_of_Azkaban,"Harry Potter and the Prisoner of Azkaban (Harry Potter, #3)",J.K. Rowling,https://www.goodreads.com/author/show/1077326.J_K_Rowling,230240,9780439655484,4.57,2707133,53478,435,2004,Fantasy
33648131,/book/show/33648131-the-notebook,"The Notebook (The Notebook, #1)",Nicholas Sparks,https://www.goodreads.com/author/show/2345.Nicholas_Sparks,226072,null,4.10,1302293,19737,227,2000,Romance
99107,/book/show/99107.Winnie_the_Pooh,"Winnie-the-Pooh (Winnie-the-Pooh, #1)",A.A. Milne,https://www.goodreads.com/author/show/81466.A_A_Milne,214892,9780525467564,4.35,261110,4620,145,2001,Classics
23919,/book/show/23919.The_Complete_Stories_and_Poems,The Complete Stories and Poems,Edgar Allan Poe,https://www.goodreads.com/author/show/4624490.Edgar_Allan_Poe,214007,9780385074070,4.38,213208,2169,821,1984,Classics
4473,/book/show/4473.A_Prayer_for_Owen_Meany,A Prayer for Owen Meany,John Irving,https://www.goodreads.com/author/show/3075.John_Irving,205955,9780552135399,4.23,282797,13594,637,1990,Fiction
43763,/book/show/43763.Interview_with_the_Vampire,"Interview with the Vampire (The Vampire Chronicles, #1)",Anne Rice,https://www.goodreads.com/author/show/7577.Anne_Rice,205132,9780345476876,4.00,473309,9963,342,2004,Horror
153747,/book/show/153747.Moby_Dick_or_the_Whale,"Moby-Dick or, the Whale",Herman Melville,https://www.goodreads.com/author/show/1624.Herman_Melville,201101,9780142437247,3.50,470996,15165,654,2003,Classics
4989,/book/show/4989.The_Red_Tent,The Red Tent,Anita Diamant,https://www.goodreads.com/author/show/626222.Anita_Diamant,180776,9780312353766,4.18,511585,19051,336,2005,Historical
37435,/book/show/37435.The_Secret_Life_of_Bees,The Secret Life of Bees,Sue Monk Kidd,https://www.goodreads.com/author/show/4711.Sue_Monk_Kidd,178535,9780142001745,4.05,1099337,30087,302,2003,Fiction
6,/book/show/6.Harry_Potter_and_the_Goblet_of_Fire,"Harry Potter and the Goblet of Fire (Harry Potter, #4)",J.K. Rowling,https://www.goodreads.com/author/show/1077326.J_K_Rowling,172235,null,4.56,2512466,44868,734,2002,Fantasy
7171637,/book/show/7171637-clockwork-angel,"Clockwork Angel (The Infernal Devices, #1)",Cassandra Clare,https://www.goodreads.com/author/show/150038.Cassandra_Clare,171602,9781416975861,4.33,642285,30753,481,2010,Fantasy
16299,/book/show/16299.And_Then_There_Were_None,And Then There Were None,Agatha Christie,https://www.goodreads.com/author/show/123715.Agatha_Christie,157462,9780312330873,4.26,778107,31315,264,2004,Mystery
2187,/book/show/2187.Middlesex,Middlesex,Jeffrey Eugenides,https://www.goodreads.com/author/show/1467.Jeffrey_Eugenides,156279,9780312422158,4.01,574954,22956,529,2003,Fiction
1,/book/show/1.Harry_Potter_and_the_Half_Blood_Prince,"Harry Potter and the Half-Blood Prince (Harry Potter, #6)",J.K. Rowling,https://www.goodreads.com/author/show/1077326.J_K_Rowling,155950,null,4.57,2365928,38090,652,2006,Fantasy
49552,/book/show/49552.The_Stranger,The Stranger,Albert Camus,https://www.goodreads.com/author/show/957894.Albert_Camus,154101,null,3.98,682372,22355,123,1989,Classics
117833,/book/show/117833.The_Master_and_Margarita,The Master and Margarita,Mikhail Bulgakov,https://www.goodreads.com/author/show/3873.Mikhail_Bulgakov,149737,9780679760801,4.29,233033,11056,335,1996,Fiction
186074,/book/show/186074.The_Name_of_the_Wind,"The Name of the Wind (The Kingkiller Chronicle, #1)",Patrick Rothfuss,https://www.goodreads.com/author/show/108424.Patrick_Rothfuss,149062,9780756404079,4.54,689482,40786,662,2007,Fantasy
11588,/book/show/11588.The_Shining,The Shining,Stephen King,https://www.goodreads.com/author/show/3389.Stephen_King,148345,9780450040184,4.23,1091201,23558,659,1980,Horror
24583,/book/show/24583.The_Adventures_of_Tom_Sawyer,The Adventures of Tom Sawyer,Mark Twain,https://www.goodreads.com/author/show/1244.Mark_Twain,146074,9780143039563,3.91,740312,9703,244,2006,Classics
113436,/book/show/113436.Eragon,"Eragon (The Inheritance Cycle, #1)",Christopher Paolini,https://www.goodreads.com/author/show/8349.Christopher_Paolini,143209,9780375826696,3.90,1403688,21760,503,2005,Fantasy
6310,/book/show/6310.Charlie_and_the_Chocolate_Factory,"Charlie and the Chocolate Factory (Charlie Bucket, #1)",Roald Dahl,https://www.goodreads.com/author/show/4273.Roald_Dahl,142672,9780142403884,4.14,643197,11609,176,2005,Childrens
36576608,/book/show/36576608-flowers-for-algernon,Flowers for Algernon,Daniel Keyes,https://www.goodreads.com/author/show/11072.Daniel_Keyes,140293,null,4.13,465403,17626,216,1966,Fiction
70401,/book/show/70401.On_the_Road,On the Road,Jack Kerouac,https://www.goodreads.com/author/show/1742.Jack_Kerouac,140043,9780140042597,3.62,341062,14650,307,1976,Classics
99561,/book/show/99561.Looking_for_Alaska,Looking for Alaska,John Green,https://www.goodreads.com/author/show/1406384.John_Green,138476,null,4.03,1084932,55438,221,2006,Young Adult
485894,/book/show/485894.The_Metamorphosis,The Metamorphosis,Franz Kafka,https://www.goodreads.com/author/show/5223.Franz_Kafka,138366,null,3.82,614304,16730,201,1972,Classics
1232,/book/show/1232.The_Shadow_of_the_Wind,"The Shadow of the Wind (The Cemetery of Forgotten Books, #1)",Carlos Ruiz Zafón,https://www.goodreads.com/author/show/815.Carlos_Ruiz_Zaf_n,137744,null,4.27,442781,34326,487,2005,Fiction
1618,/book/show/1618.The_Curious_Incident_of_the_Dog_in_the_Night_Time,The Curious Incident of the Dog in the Night-Time,Mark Haddon,https://www.goodreads.com/author/show/1050.Mark_Haddon,136405,9781400032716,3.88,1164672,43483,226,2004,Fiction
4948,/book/show/4948.The_Very_Hungry_Caterpillar,The Very Hungry Caterpillar,Eric Carle,https://www.goodreads.com/author/show/3362.Eric_Carle,136099,9780241003008,4.30,384666,7757,26,1994,Childrens
6900,/book/show/6900.Tuesdays_with_Morrie,Tuesdays with Morrie,Mitch Albom,https://www.goodreads.com/author/show/2331.Mitch_Albom,134727,9780751529814,4.11,761297,25292,210,2000,Nonfiction
9717,/book/show/9717.The_Unbearable_Lightness_of_Being,The Unbearable Lightness of Being,Milan Kundera,https://www.goodreads.com/author/show/6343.Milan_Kundera,134219,9780571224388,4.10,330210,14870,320,2009,Fiction
119073,/book/show/119073.The_Name_of_the_Rose,The Name of the Rose,Umberto Eco,https://www.goodreads.com/author/show/1730.Umberto_Eco,130993,9780156001311,4.12,290790,8608,536,1994,Fiction
10365,/book/show/10365.Where_the_Red_Fern_Grows,Where the Red Fern Grows,Wilson Rawls,https://www.goodreads.com/author/show/6810.Wilson_Rawls,130413,9780375806810,4.08,334363,10904,272,2000,Classics
12296,/book/show/12296.The_Scarlet_Letter,The Scarlet Letter,Nathaniel Hawthorne,https://www.goodreads.com/author/show/7799.Nathaniel_Hawthorne,127546,9780142437261,3.41,691688,14430,279,2003,Classics
22034,/book/show/22034.The_Godfather,The Godfather,Mario Puzo,https://www.goodreads.com/author/show/12605.Mario_Puzo,126791,null,4.37,324121,8398,448,2002,Fiction
15881,/book/show/15881.Harry_Potter_and_the_Chamber_of_Secrets,"Harry Potter and the Chamber of Secrets (Harry Potter, #2)",J.K. Rowling,https://www.goodreads.com/author/show/1077326.J_K_Rowling,126195,9780439064866,4.43,2636724,50944,341,1999,Fantasy
168642,/book/show/168642.In_Cold_Blood,In Cold Blood,Truman Capote,https://www.goodreads.com/author/show/431149.Truman_Capote,124873,9780679745587,4.07,510903,16163,343,1994,Nonfiction
3431,/book/show/3431.The_Five_People_You_Meet_in_Heaven,The Five People You Meet in Heaven,Mitch Albom,https://www.goodreads.com/author/show/2331.Mitch_Albom,124365,9781401308582,3.94,568163,20266,196,2003,Fiction
36236124,/book/show/36236124-fight-club,Fight Club,Chuck Palahniuk,https://www.goodreads.com/author/show/2546.Chuck_Palahniuk,124306,9780393355949,4.19,487278,14142,218,2018,Fiction
6339664,/book/show/6339664-hush-hush,"Hush, Hush (Hush, Hush, #1)",Becca Fitzpatrick,https://www.goodreads.com/author/show/2876763.Becca_Fitzpatrick,123977,9781416989417,3.97,557440,24568,391,2009,Young Adult
256008,/book/show/256008.Lonesome_Dove,Lonesome Dove,Larry McMurtry,https://www.goodreads.com/author/show/1055.Larry_McMurtry,119139,9780671683900,4.49,143713,7292,960,1999,Fiction
233093,/book/show/233093.The_Cat_in_the_Hat,The Cat in the Hat,Dr. Seuss,https://www.goodreads.com/author/show/61105.Dr_Seuss,119105,9780394800011,4.17,411450,5706,61,1985,Childrens
30165203,/book/show/30165203-american-gods,"American Gods (American Gods, #1)",Neil Gaiman,https://www.goodreads.com/author/show/1221698.Neil_Gaiman,118212,null,4.11,738345,37874,635,2011,Fantasy
38709,/book/show/38709.Holes,"Holes (Holes, #1)",Louis Sachar,https://www.goodreads.com/author/show/6569.Louis_Sachar,117707,9780439244190,3.97,945754,20053,233,2000,Young Adult
343,/book/show/343.Perfume,Perfume: The Story of a Murderer,Patrick Süskind,https://www.goodreads.com/author/show/39402.Patrick_S_skind,117183,9780140120837,4.02,313987,13958,263,1987,Fiction
7126,/book/show/7126.The_Count_of_Monte_Cristo,The Count of Monte Cristo,Alexandre Dumas,https://www.goodreads.com/author/show/4785.Alexandre_Dumas,116723,9780140449266,4.25,731480,20645,1276,2003,Classics
100915,/book/show/100915.The_Lion_the_Witch_and_the_Wardrobe,"The Lion, the Witch and the Wardrobe (Chronicles of Narnia, #1)",C.S. Lewis,https://www.goodreads.com/author/show/1069006.C_S_Lewis,116229,null,4.22,2073217,21084,206,2005,Fantasy
830502,/book/show/830502.It,It,Stephen King,https://www.goodreads.com/author/show/3389.Stephen_King,115514,9780450411434,4.24,773869,24494,1116,1987,Horror
472331,/book/show/472331.Watchmen,Watchmen,Alan Moore,https://www.goodreads.com/author/show/3961.Alan_Moore,114982,9780930289232,4.36,479982,13783,416,2005,Sequential Art
114345,/book/show/114345.The_Little_House_Collection,"The Little House Collection (Little House, #1-9)",Laura Ingalls Wilder,https://www.goodreads.com/author/show/5300.Laura_Ingalls_Wilder,114155,9780060529963,4.34,139775,2168,2700,2003,Classics
4556058,/book/show/4556058-the-last-olympian,"The Last Olympian (Percy Jackson and the Olympians, #5)",Rick Riordan,https://www.goodreads.com/author/show/15872.Rick_Riordan,114013,9781423101475,4.51,640864,22532,381,2009,Fantasy
6656,/book/show/6656.The_Divine_Comedy,The Divine Comedy,Dante Alighieri,https://www.goodreads.com/author/show/5031312.Dante_Alighieri,113003,9780679433132,4.06,112964,3724,798,1995,Classics
34268,/book/show/34268.Peter_Pan,Peter Pan,J.M. Barrie,https://www.goodreads.com/author/show/5255014.J_M_Barrie,112790,9780805072457,4.07,263133,10960,176,2003,Classics
355697,/book/show/355697.All_Quiet_on_the_Western_Front,All Quiet on the Western Front,Erich Maria Remarque,https://www.goodreads.com/author/show/4116.Erich_Maria_Remarque,112021,9780449213940,3.98,348744,10148,296,1987,Historical
1423,/book/show/1423.The_Compleat_Works_of_Wllm_Shkspr,The Compleat Works of Wllm Shkspr,Reduced Shakespeare Company,https://www.goodreads.com/author/show/4390174.Reduced_Shakespeare_Company,107208,9781557831576,4.44,8387,131,137,1994,Plays
9712,/book/show/9712.Love_in_the_Time_of_Cholera,Love in the Time of Cholera,Gabriel García Márquez,https://www.goodreads.com/author/show/13450.Gabriel_Garc_a_M_rquez,105742,9781400034680,3.92,399837,19624,348,2003,Fiction
2802316,/book/show/2802316-shadow-kiss,"Shadow Kiss (Vampire Academy, #3)",Richelle Mead,https://www.goodreads.com/author/show/137902.Richelle_Mead,104804,9781595141972,4.36,318446,11174,443,2008,Young Adult
5907,/book/show/5907.The_Hobbit_or_There_and_Back_Again,"The Hobbit, or There and Back Again",J.R.R. Tolkien,https://www.goodreads.com/author/show/656983.J_R_R_Tolkien,104050,9780618260300,4.27,2818258,47030,366,2002,Fantasy
35545737,/book/show/35545737-a-walk-to-remember,A Walk to Remember,Nicholas Sparks,https://www.goodreads.com/author/show/2345.Nicholas_Sparks,104000,null,4.18,659147,12923,215,2000,Romance
3412,/book/show/3412.The_Thorn_Birds,The Thorn Birds,Colleen McCullough,https://www.goodreads.com/author/show/4917067.Colleen_McCullough,103842,null,4.23,308048,5838,692,2002,Fiction
11735983,/book/show/11735983-insurgent,"Insurgent (Divergent, #2)",Veronica Roth,https://www.goodreads.com/author/show/4039811.Veronica_Roth,103428,9780007442911,4.03,1138169,58483,525,2012,Young Adult
13,/book/show/13.The_Ultimate_Hitchhiker_s_Guide_to_the_Galaxy,"The Ultimate Hitchhiker's Guide to the Galaxy (Hitchhiker's Guide to the Galaxy, #1-5)",Douglas Adams,https://www.goodreads.com/author/show/4.Douglas_Adams,97586,9780345453747,4.36,280667,5206,815,2002,Science Fiction
113946,/book/show/113946.How_the_Grinch_Stole_Christmas_,How the Grinch Stole Christmas!,Dr. Seuss,https://www.goodreads.com/author/show/61105.Dr_Seuss,97421,9780007173044,4.37,320777,3148,64,2004,Childrens
6867,/book/show/6867.Atonement,Atonement,Ian McEwan,https://www.goodreads.com/author/show/2408.Ian_McEwan,96523,9780385721790,3.91,431748,17042,351,2003,Fiction
92303,/book/show/92303.The_Importance_of_Being_Earnest,The Importance of Being Earnest,Oscar Wilde,https://www.goodreads.com/author/show/3565.Oscar_Wilde,96502,9781580495806,4.18,297028,8958,76,2005,Classics
19501,/book/show/19501.Eat_Pray_Love,"Eat, Pray, Love",Elizabeth Gilbert,https://www.goodreads.com/author/show/11679.Elizabeth_Gilbert,96430,9780143038412,3.56,1443225,53447,368,2007,Nonfiction
37415,/book/show/37415.Their_Eyes_Were_Watching_God,Their Eyes Were Watching God,Zora Neale Hurston,https://www.goodreads.com/author/show/15151.Zora_Neale_Hurston,95935,9780061120060,3.93,254205,12989,219,2006,Classics
7190,/book/show/7190.The_Three_Musketeers,"The Three Musketeers (The D'Artagnan Romances, #1)",Alexandre Dumas,https://www.goodreads.com/author/show/4785.Alexandre_Dumas,94707,null,4.07,267265,6589,625,2001,Classics
236093,/book/show/236093.The_Wonderful_Wizard_of_Oz,"The Wonderful Wizard of Oz (Oz, #1)",L. Frank Baum,https://www.goodreads.com/author/show/3242.L_Frank_Baum,94311,9780140621679,3.99,356175,12360,154,1995,Classics
2282133,/book/show/2282133.Frostbite,"Frostbite (Vampire Academy, #2)",Richelle Mead,https://www.goodreads.com/author/show/137902.Richelle_Mead,94220,null,4.28,302142,11198,327,2008,Young Adult
32929,/book/show/32929.Goodnight_Moon,Goodnight Moon,Margaret Wise Brown,https://www.goodreads.com/author/show/18479.Margaret_Wise_Brown,93594,9780060775858,4.28,296693,5733,32,2007,Childrens
7784,/book/show/7784.The_Lorax,The Lorax,Dr. Seuss,https://www.goodreads.com/author/show/61105.Dr_Seuss,91422,9780679889106,4.35,274734,4015,72,1998,Childrens
12067,/book/show/12067.Good_Omens,"Good Omens: The Nice and Accurate Prophecies of Agnes Nutter, Witch",Terry Pratchett,https://www.goodreads.com/author/show/1654.Terry_Pratchett,90876,null,4.25,520791,26623,491,2006,Fantasy
5996153,/book/show/5996153-blood-promise,"Blood Promise (Vampire Academy, #4)",Richelle Mead,https://www.goodreads.com/author/show/137902.Richelle_Mead,89603,9781595141989,4.34,269673,9705,503,2009,Young Adult
32261,/book/show/32261.Tess_of_the_D_Urbervilles,Tess of the D'Urbervilles,Thomas Hardy,https://www.goodreads.com/author/show/15905.Thomas_Hardy,88565,null,3.80,233965,8497,518,2003,Classics
1078,/book/show/1078.The_Good_Earth,"The Good Earth (House of Earth, #1)",Pearl S. Buck,https://www.goodreads.com/author/show/704.Pearl_S_Buck,88258,9781416500186,3.98,220074,9706,418,2009,Classics
4900,/book/show/4900.Heart_of_Darkness,Heart of Darkness,Joseph Conrad,https://www.goodreads.com/author/show/3345.Joseph_Conrad,87350,9781892295491,3.42,406735,13524,188,2003,Classics
1622,/book/show/1622.A_Midsummer_Night_s_Dream,A Midsummer Night's Dream,William Shakespeare,https://www.goodreads.com/author/show/947.William_Shakespeare,86322,9780743477543,3.95,435907,7877,240,2016,Classics
2547,/book/show/2547.The_Prophet,The Prophet,Kahlil Gibran,https://www.goodreads.com/author/show/6466154.Kahlil_Gibran,86107,9780001000391,4.23,227070,9210,127,2010,Poetry
2120932,/book/show/2120932.The_Battle_of_the_Labyrinth,"The Battle of the Labyrinth (Percy Jackson and the Olympians, #4)",Rick Riordan,https://www.goodreads.com/author/show/15872.Rick_Riordan,85391,null,4.40,713134,18462,361,2008,Fantasy
40605251,/book/show/40605251-the-mists-of-avalon,"The Mists of Avalon (Avalon, #1)",Marion Zimmer Bradley,https://www.goodreads.com/author/show/4841825.Marion_Zimmer_Bradley,84720,null,4.12,186751,6630,1009,2001,Fantasy
18335634,/book/show/18335634-clockwork-princess,"Clockwork Princess (The Infernal Devices, #3)",Cassandra Clare,https://www.goodreads.com/author/show/150038.Cassandra_Clare,84072,9781406321340,4.58,322153,29081,567,2013,Fantasy
28186,/book/show/28186.The_Sea_of_Monsters,"The Sea of Monsters (Percy Jackson and the Olympians, #2)",Rick Riordan,https://www.goodreads.com/author/show/15872.Rick_Riordan,82179,9780786856862,4.24,718536,25957,279,2006,Fantasy
561456,/book/show/561456.The_Titan_s_Curse,"The Titan's Curse (Percy Jackson and the Olympians, #3)",Rick Riordan,https://www.goodreads.com/author/show/15872.Rick_Riordan,82114,9780141382890,4.35,657435,20185,320,2007,Fantasy
7763,/book/show/7763.The_Joy_Luck_Club,The Joy Luck Club,Amy Tan,https://www.goodreads.com/author/show/5246.Amy_Tan,81866,9780143038092,3.93,590478,9028,288,2006,Fiction
13023,/book/show/13023.Alice_in_Wonderland,Alice in Wonderland,Jane Carruth,https://www.goodreads.com/author/show/34933.Jane_Carruth,81357,9780517223628,4.03,370150,5348,92,2004,Classics
1852,/book/show/1852.The_Call_of_the_Wild,The Call of the Wild,Jack London,https://www.goodreads.com/author/show/1240.Jack_London,80728,9780439227148,3.87,330590,10718,172,2001,Classics
71728,/book/show/71728.Jonathan_Livingston_Seagull,Jonathan Livingston Seagull,Richard Bach,https://www.goodreads.com/author/show/16904.Richard_Bach,80428,9780743278904,3.84,196750,7699,112,2006,Fiction
2175,/book/show/2175.Madame_Bovary,Madame Bovary,Gustave Flaubert,https://www.goodreads.com/author/show/1461.Gustave_Flaubert,79793,9780192840394,3.68,245447,10283,329,2004,Classics
378,/book/show/378.The_Phantom_Tollbooth,The Phantom Tollbooth,Norton Juster,https://www.goodreads.com/author/show/214.Norton_Juster,79514,9780394820378,4.21,231087,10072,256,1996,Fantasy
40940121,/book/show/40940121-bridge-to-terabithia,Bridge to Terabithia,Katherine Paterson,https://www.goodreads.com/author/show/1949.Katherine_Paterson,78651,null,4.01,432801,12142,190,2009,Young Adult
191139,/book/show/191139.Oh_the_Places_You_ll_Go_,"Oh, the Places You'll Go!",Dr. Seuss,https://www.goodreads.com/author/show/61105.Dr_Seuss,78581,9780679805274,4.36,318818,5159,44,1990,Childrens
5060378,/book/show/5060378-the-girl-who-played-with-fire,"The Girl Who Played with Fire (Millennium, #2)",Stieg Larsson,https://www.goodreads.com/author/show/706255.Stieg_Larsson,78299,9780307269980,4.24,794264,33898,503,2009,Fiction
7938275,/book/show/7938275-the-hunger-games-trilogy-boxset,"The Hunger Games Trilogy Boxset (The Hunger Games, #1-3)",Suzanne Collins,https://www.goodreads.com/author/show/153394.Suzanne_Collins,78030,9780545265355,4.48,185382,6827,1155,2010,Young Adult
6186357,/book/show/6186357-the-maze-runner,"The Maze Runner (The Maze Runner, #1)",James Dashner,https://www.goodreads.com/author/show/348878.James_Dashner,77791,9780385737944,4.02,1016567,55211,384,2009,Young Adult
18254,/book/show/18254.Oliver_Twist,Oliver Twist,Charles Dickens,https://www.goodreads.com/author/show/239579.Charles_Dickens,77518,null,3.87,311428,7294,608,2003,Classics
338798,/book/show/338798.Ulysses,Ulysses,James Joyce,https://www.goodreads.com/author/show/5144.James_Joyce,77032,null,3.73,107595,6610,783,1990,Classics
27712,/book/show/27712.The_Neverending_Story,The Neverending Story,Michael Ende,https://www.goodreads.com/author/show/15619.Michael_Ende,76535,9780525457589,4.18,157669,6326,396,1997,Fantasy
295,/book/show/295.Treasure_Island,Treasure Island,Robert Louis Stevenson,https://www.goodreads.com/author/show/854076.Robert_Louis_Stevenson,76055,9780753453803,3.83,390719,11290,311,2001,Classics
10818853,/book/show/10818853-fifty-shades-of-grey,"Fifty Shades of Grey (Fifty Shades, #1)",E.L. James,https://www.goodreads.com/author/show/4725841.E_L_James,75201,9781612130293,3.66,1890385,78264,356,2011,Romance
40611463,/book/show/40611463-the-clan-of-the-cave-bear,The Clan of the Cave Bear,Jean M. Auel,https://www.goodreads.com/author/show/861.Jean_M_Auel,75143,null,4.05,224508,6448,516,2016,Historical
2696,/book/show/2696.The_Canterbury_Tales,The Canterbury Tales,Geoffrey Chaucer,https://www.goodreads.com/author/show/1838.Geoffrey_Chaucer,73653,9780140424386,3.50,185560,3244,521,2003,Classics
7069,/book/show/7069.The_World_According_to_Garp,The World According to Garp,John Irving,https://www.goodreads.com/author/show/3075.John_Irving,72612,9780345915597,4.09,202103,5381,610,1999,Fiction
62291,/book/show/62291.A_Storm_of_Swords,"A Storm of Swords (A Song of Ice and Fire, #3)",George R.R. Martin,https://www.goodreads.com/author/show/346732.George_R_R_Martin,72587,9780553573428,4.54,652469,21969,1177,2003,Fantasy
10799,/book/show/10799.A_Farewell_to_Arms,A Farewell to Arms,Ernest Hemingway,https://www.goodreads.com/author/show/1455.Ernest_Hemingway,72425,9780099910107,3.81,258028,9414,293,2004,Classics
58696,/book/show/58696.David_Copperfield,David Copperfield,Charles Dickens,https://www.goodreads.com/author/show/239579.Charles_Dickens,71703,null,3.99,195509,6329,882,2004,Classics
29844228,/book/show/29844228-thirteen-reasons-why,Thirteen Reasons Why,Jay Asher,https://www.goodreads.com/author/show/569269.Jay_Asher,71255,9781595147882,3.93,755060,51526,352,2016,Young Adult
